id,customer_id,product_id,order_id,amount,payment_method,status
1,147,26,1,1156.12,Credit Card,Pending
2,24,4,2,296.2,Credit Card,Paid
3,42,15,3,396.12,PayPal,Failed
4,41,35,4,672.7,PayPal,Failed
5,199,3,5,634.64,Bank Transfer,Failed
6,142,3,6,793.3,Cash on Delivery,Failed
7,81,5,7,1085.01,Cash on Delivery,Paid
8,111,3,8,634.64,Credit Card,Paid
9,183,39,9,91.93,Credit Card,Pending
10,85,33,10,1293.85,Bank Transfer,Paid
11,167,11,11,1568.16,Credit Card,Paid
12,81,42,12,890.82,Credit Card,Failed
13,81,23,13,194.61,Cash on Delivery,Paid
14,12,17,14,215.7,PayPal,Paid
15,45,37,15,431.64,Bank Transfer,Failed
16,15,46,16,255.08,Cash on Delivery,Paid
17,24,47,17,1917.88,Bank Transfer,Failed
18,7,3,18,793.3,Cash on Delivery,Pending
19,80,45,19,193.02,Credit Card,Failed
20,51,11,20,392.04,Bank Transfer,Failed
21,125,37,21,431.64,Cash on Delivery,Paid
22,191,43,22,287.34,Cash on Delivery,Pending
23,114,7,23,1530.5,Credit Card,Paid
24,34,22,24,251.97,Credit Card,Paid
25,118,42,25,1187.76,Bank Transfer,Pending
26,110,24,26,862.85,Bank Transfer,Pending
27,137,29,27,261.16,Bank Transfer,Paid
28,162,31,28,505.44,Bank Transfer,Paid
29,52,2,29,417.77,Credit Card,Paid
30,94,14,30,603.0,Credit Card,Pending
31,185,24,31,345.14,PayPal,Failed
32,51,33,32,1293.85,Cash on Delivery,Paid
33,141,39,33,367.72,Cash on Delivery,Paid
34,190,41,34,697.38,Bank Transfer,Paid
35,4,23,35,583.83,PayPal,Pending
36,40,3,36,793.3,Credit Card,Paid
37,10,26,37,578.06,PayPal,Pending
38,86,48,38,1236.4,Cash on Delivery,Failed
39,136,28,39,149.96,Cash on Delivery,Failed
40,193,1,40,128.76,Bank Transfer,Failed
41,94,45,41,772.08,Credit Card,Failed
42,16,34,42,321.15,PayPal,Failed
43,46,46,43,1020.32,Bank Transfer,Pending
44,23,2,44,2088.85,PayPal,Failed
45,93,49,45,1002.03,Cash on Delivery,Pending
46,196,49,46,668.02,Bank Transfer,Pending
47,64,1,47,160.95,Bank Transfer,Paid
48,72,28,48,37.49,Bank Transfer,Failed
49,80,41,49,1162.3,Bank Transfer,Paid
50,21,21,50,117.9,Bank Transfer,Failed
51,179,7,51,918.3,Credit Card,Paid
52,68,48,52,1236.4,PayPal,Failed
53,13,19,53,408.15,Credit Card,Pending
54,104,32,54,1448.1,Cash on Delivery,Pending
55,163,26,55,289.03,Credit Card,Failed
56,81,47,56,1917.88,Credit Card,Paid
57,161,5,57,1446.68,Credit Card,Pending
58,108,12,58,1237.05,Credit Card,Failed
59,57,22,59,1259.85,PayPal,Paid
60,144,49,60,1670.05,Bank Transfer,Paid
61,74,14,61,241.2,Cash on Delivery,Pending
62,184,6,62,203.94,Cash on Delivery,Pending
63,4,10,63,341.96,Bank Transfer,Failed
64,118,45,64,579.06,Cash on Delivery,Paid
65,10,24,65,345.14,Bank Transfer,Pending
66,129,32,66,289.62,Bank Transfer,Pending
67,114,44,67,35.98,Credit Card,Failed
68,81,32,68,1158.48,Bank Transfer,Failed
69,14,39,69,183.86,Credit Card,Pending
70,56,8,70,206.68,Cash on Delivery,Failed
71,179,11,71,1568.16,Bank Transfer,Failed
72,65,31,72,379.08,Cash on Delivery,Paid
73,29,45,73,772.08,Cash on Delivery,Failed
74,37,11,74,1960.2,Cash on Delivery,Paid
75,177,5,75,1808.35,PayPal,Pending
76,39,13,76,163.14,Credit Card,Pending
77,179,30,77,515.16,Credit Card,Paid
78,26,21,78,353.7,Credit Card,Paid
79,112,3,79,317.32,Cash on Delivery,Pending
80,128,31,80,126.36,PayPal,Failed
81,42,11,81,1960.2,Cash on Delivery,Failed
82,32,12,82,989.64,PayPal,Pending
83,186,46,83,1275.4,Bank Transfer,Paid
84,172,7,84,918.3,Credit Card,Paid
85,11,41,85,929.84,Cash on Delivery,Paid
86,50,18,86,100.19,Bank Transfer,Failed
87,38,42,87,593.88,Cash on Delivery,Pending
88,105,33,88,776.31,Bank Transfer,Failed
89,185,29,89,391.74,PayPal,Failed
90,108,7,90,612.2,Cash on Delivery,Paid
91,144,43,91,718.35,Bank Transfer,Pending
92,135,22,92,1007.88,PayPal,Failed
93,74,2,93,1253.31,PayPal,Failed
94,24,39,94,275.79,Bank Transfer,Paid
95,21,43,95,143.67,Cash on Delivery,Failed
96,158,43,96,143.67,PayPal,Failed
97,72,24,97,690.28,Bank Transfer,Paid
98,161,27,98,1970.65,Bank Transfer,Failed
99,26,35,99,672.7,Cash on Delivery,Failed
100,139,43,100,431.01,Credit Card,Paid
101,43,22,101,755.91,Cash on Delivery,Paid
102,136,7,102,306.1,Cash on Delivery,Paid
103,89,15,103,396.12,PayPal,Paid
104,24,32,104,579.24,Bank Transfer,Failed
105,168,1,105,32.19,Bank Transfer,Failed
106,46,41,106,464.92,PayPal,Failed
107,125,6,107,1019.7,Bank Transfer,Paid
108,132,16,108,1863.04,Cash on Delivery,Paid
109,192,9,109,1114.3,PayPal,Pending
110,115,47,110,1917.88,Bank Transfer,Paid
111,176,38,111,1134.42,Credit Card,Pending
112,24,32,112,579.24,Bank Transfer,Failed
113,162,12,113,247.41,Bank Transfer,Failed
114,196,26,114,867.09,Cash on Delivery,Paid
115,93,16,115,1397.28,PayPal,Paid
116,153,1,116,32.19,Bank Transfer,Failed
117,17,11,117,1176.12,Credit Card,Failed
118,51,12,118,247.41,PayPal,Paid
119,114,20,119,1717.68,Cash on Delivery,Pending
120,187,30,120,858.6,Cash on Delivery,Pending
121,48,40,121,994.14,Credit Card,Paid
122,45,43,122,431.01,Credit Card,Failed
123,85,17,123,215.7,Credit Card,Pending
124,1,10,124,85.49,Credit Card,Pending
125,120,1,125,128.76,PayPal,Pending
126,147,7,126,306.1,PayPal,Failed
127,54,19,127,272.1,Credit Card,Failed
128,158,27,128,394.13,Cash on Delivery,Paid
129,188,12,129,494.82,Cash on Delivery,Failed
130,3,37,130,1079.1,Cash on Delivery,Paid
131,176,3,131,158.66,Bank Transfer,Pending
132,124,24,132,345.14,Credit Card,Paid
133,79,17,133,323.55,Bank Transfer,Paid
134,189,17,134,107.85,PayPal,Failed
135,123,6,135,203.94,Bank Transfer,Failed
136,51,26,136,578.06,Cash on Delivery,Failed
137,3,33,137,776.31,Bank Transfer,Paid
138,131,46,138,510.16,PayPal,Paid
139,18,2,139,835.54,Credit Card,Failed
140,13,46,140,510.16,Cash on Delivery,Pending
141,166,2,141,1253.31,Credit Card,Pending
142,9,19,142,680.25,PayPal,Failed
143,96,18,143,300.57,Credit Card,Failed
144,47,32,144,1158.48,Bank Transfer,Failed
145,174,3,145,317.32,Cash on Delivery,Pending
146,197,16,146,2328.8,Bank Transfer,Paid
147,7,9,147,222.86,Cash on Delivery,Failed
148,37,50,148,1734.8,Credit Card,Pending
149,101,43,149,431.01,Credit Card,Paid
150,77,8,150,1033.4,Bank Transfer,Failed
151,49,21,151,471.6,Cash on Delivery,Failed
152,78,18,152,200.38,Bank Transfer,Failed
153,60,12,153,494.82,Credit Card,Failed
154,20,20,154,2147.1,Cash on Delivery,Paid
155,79,12,155,247.41,Credit Card,Pending
156,96,24,156,172.57,Bank Transfer,Pending
157,7,10,157,85.49,Bank Transfer,Paid
158,138,45,158,579.06,Bank Transfer,Pending
159,130,25,159,482.55,PayPal,Paid
160,110,14,160,120.6,Cash on Delivery,Pending
161,79,45,161,772.08,Credit Card,Pending
162,6,41,162,464.92,PayPal,Pending
163,103,38,163,378.14,Bank Transfer,Pending
164,98,23,164,389.22,Credit Card,Pending
165,19,37,165,1079.1,Cash on Delivery,Failed
166,31,40,166,2485.35,PayPal,Paid
167,103,10,167,256.47,PayPal,Pending
168,106,24,168,517.71,Bank Transfer,Paid
169,65,30,169,515.16,Credit Card,Paid
170,177,45,170,386.04,PayPal,Paid
171,50,31,171,252.72,PayPal,Pending
172,2,33,172,517.54,Bank Transfer,Paid
173,155,18,173,500.95,Credit Card,Paid
174,200,19,174,544.2,Credit Card,Failed
175,84,23,175,973.05,Credit Card,Pending
176,12,43,176,574.68,Credit Card,Paid
177,30,29,177,261.16,Bank Transfer,Paid
178,108,36,178,1185.64,PayPal,Paid
179,114,1,179,160.95,Bank Transfer,Pending
180,73,22,180,1007.88,PayPal,Paid
181,173,5,181,1808.35,Cash on Delivery,Pending
182,117,26,182,867.09,Cash on Delivery,Failed
183,109,49,183,668.02,PayPal,Paid
184,167,22,184,1259.85,Credit Card,Pending
185,195,33,185,258.77,Cash on Delivery,Pending
186,42,30,186,686.88,PayPal,Failed
187,159,3,187,475.98,Credit Card,Failed
188,55,38,188,1134.42,Credit Card,Pending
189,76,47,189,1438.41,Bank Transfer,Pending
190,171,39,190,275.79,Bank Transfer,Failed
191,132,10,191,170.98,Credit Card,Failed
192,87,33,192,1293.85,Bank Transfer,Failed
193,13,14,193,482.4,Bank Transfer,Failed
194,156,33,194,517.54,PayPal,Paid
195,50,4,195,296.2,PayPal,Failed
196,28,42,196,593.88,Bank Transfer,Paid
197,54,41,197,464.92,Cash on Delivery,Pending
198,43,2,198,835.54,Cash on Delivery,Pending
199,63,19,199,544.2,Credit Card,Paid
200,115,27,200,1576.52,Credit Card,Paid
201,27,44,201,107.94,Bank Transfer,Failed
202,124,37,202,647.46,Credit Card,Paid
203,153,16,203,2328.8,Bank Transfer,Paid
204,7,49,204,1002.03,Credit Card,Pending
205,151,48,205,618.2,Credit Card,Paid
206,139,34,206,321.15,PayPal,Failed
207,43,37,207,431.64,Bank Transfer,Paid
208,23,41,208,232.46,Credit Card,Pending
209,3,33,209,776.31,Bank Transfer,Failed
210,15,27,210,788.26,Bank Transfer,Failed
211,45,46,211,765.24,Credit Card,Pending
212,30,42,212,1484.7,Cash on Delivery,Pending
213,188,29,213,391.74,Cash on Delivery,Paid
214,45,2,214,1671.08,Cash on Delivery,Pending
215,164,13,215,163.14,PayPal,Failed
216,9,36,216,1482.05,Credit Card,Pending
217,75,47,217,2397.35,Cash on Delivery,Failed
218,23,7,218,306.1,Cash on Delivery,Failed
219,3,20,219,1288.26,PayPal,Pending
220,149,17,220,215.7,PayPal,Paid
221,79,11,221,784.08,PayPal,Paid
222,16,18,222,200.38,PayPal,Pending
223,159,45,223,965.1,Credit Card,Paid
224,44,16,224,465.76,Credit Card,Pending
225,168,1,225,160.95,PayPal,Paid
226,73,13,226,815.7,PayPal,Failed
227,35,13,227,815.7,Cash on Delivery,Paid
228,172,2,228,1671.08,Credit Card,Paid
229,163,3,229,793.3,Bank Transfer,Paid
230,23,48,230,1236.4,PayPal,Paid
231,81,19,231,136.05,PayPal,Pending
232,106,1,232,128.76,Credit Card,Pending
233,145,50,233,1734.8,Credit Card,Failed
234,155,50,234,2168.5,Cash on Delivery,Failed
235,20,20,235,2147.1,Bank Transfer,Paid
236,65,49,236,334.01,PayPal,Pending
237,46,37,237,1079.1,Cash on Delivery,Paid
238,6,24,238,172.57,Cash on Delivery,Pending
239,114,45,239,772.08,PayPal,Paid
240,137,45,240,386.04,Bank Transfer,Failed
241,86,39,241,459.65,Bank Transfer,Paid
242,126,18,242,100.19,Credit Card,Failed
243,84,1,243,32.19,Bank Transfer,Failed
244,49,43,244,718.35,PayPal,Pending
245,172,7,245,1530.5,Bank Transfer,Paid
246,177,3,246,634.64,Credit Card,Pending
247,115,21,247,117.9,PayPal,Paid
248,173,3,248,317.32,Bank Transfer,Paid
249,99,14,249,482.4,Bank Transfer,Paid
250,118,35,250,538.16,PayPal,Paid
251,169,13,251,815.7,Credit Card,Paid
252,108,9,252,891.44,Bank Transfer,Paid
253,191,23,253,583.83,Bank Transfer,Paid
254,69,44,254,107.94,Credit Card,Failed
255,171,4,255,148.1,Bank Transfer,Paid
256,40,41,256,232.46,Bank Transfer,Failed
257,18,15,257,396.12,PayPal,Pending
258,72,37,258,431.64,Bank Transfer,Paid
259,113,43,259,287.34,Bank Transfer,Pending
260,80,32,260,1448.1,Bank Transfer,Pending
261,111,8,261,206.68,Cash on Delivery,Failed
262,28,20,262,2147.1,PayPal,Pending
263,84,13,263,326.28,Bank Transfer,Failed
264,107,6,264,815.76,Bank Transfer,Failed
265,42,2,265,835.54,Credit Card,Paid
266,162,13,266,163.14,Bank Transfer,Paid
267,91,48,267,927.3,Cash on Delivery,Pending
268,158,19,268,136.05,Credit Card,Pending
269,49,6,269,611.82,Bank Transfer,Failed
270,155,22,270,503.94,Cash on Delivery,Failed
271,34,28,271,149.96,PayPal,Paid
272,119,2,272,2088.85,Cash on Delivery,Failed
273,17,38,273,378.14,Credit Card,Paid
274,113,6,274,203.94,Bank Transfer,Paid
275,52,18,275,400.76,PayPal,Paid
276,181,46,276,255.08,Cash on Delivery,Paid
277,32,41,277,232.46,Credit Card,Pending
278,49,21,278,471.6,PayPal,Paid
279,12,9,279,445.72,Cash on Delivery,Failed
280,169,39,280,183.86,Bank Transfer,Paid
281,177,18,281,400.76,Cash on Delivery,Failed
282,159,47,282,1438.41,PayPal,Paid
283,9,27,283,1576.52,Bank Transfer,Paid
284,141,33,284,1035.08,PayPal,Pending
285,17,25,285,804.25,Cash on Delivery,Pending
286,148,44,286,143.92,PayPal,Pending
287,185,14,287,603.0,Bank Transfer,Failed
288,117,13,288,326.28,Bank Transfer,Pending
289,107,19,289,544.2,Bank Transfer,Pending
290,123,4,290,296.2,Credit Card,Paid
291,107,44,291,71.96,Bank Transfer,Pending
292,68,17,292,215.7,Cash on Delivery,Pending
293,148,42,293,1187.76,PayPal,Paid
294,70,35,294,134.54,Bank Transfer,Failed
295,200,12,295,989.64,PayPal,Paid
296,28,30,296,171.72,Cash on Delivery,Failed
297,103,46,297,255.08,PayPal,Paid
298,64,12,298,742.23,Credit Card,Failed
299,85,45,299,386.04,Cash on Delivery,Paid
300,1,39,300,275.79,Credit Card,Paid
301,64,24,301,862.85,PayPal,Paid
302,88,32,302,1158.48,PayPal,Paid
303,159,10,303,341.96,Cash on Delivery,Pending
304,86,9,304,891.44,PayPal,Pending
305,35,36,305,296.41,Bank Transfer,Pending
306,4,43,306,574.68,Credit Card,Failed
307,56,43,307,574.68,Cash on Delivery,Pending
308,168,37,308,431.64,PayPal,Paid
309,176,37,309,647.46,PayPal,Paid
310,4,5,310,1085.01,Cash on Delivery,Pending
311,41,4,311,444.3,PayPal,Failed
312,27,27,312,1182.39,Bank Transfer,Paid
313,148,16,313,1863.04,Credit Card,Paid
314,123,24,314,345.14,PayPal,Paid
315,156,32,315,1448.1,Bank Transfer,Failed
316,6,20,316,2147.1,Cash on Delivery,Failed
317,89,24,317,517.71,Cash on Delivery,Pending
318,99,7,318,306.1,Credit Card,Pending
319,190,4,319,592.4,PayPal,Pending
320,45,28,320,37.49,PayPal,Failed
321,133,23,321,973.05,Bank Transfer,Paid
322,121,32,322,289.62,Cash on Delivery,Failed
323,166,43,323,287.34,Cash on Delivery,Failed
324,164,13,324,815.7,Credit Card,Pending
325,199,17,325,215.7,Credit Card,Pending
326,1,38,326,756.28,Bank Transfer,Paid
327,45,50,327,433.7,PayPal,Paid
328,86,21,328,589.5,PayPal,Pending
329,109,3,329,793.3,Cash on Delivery,Paid
330,128,24,330,345.14,Cash on Delivery,Pending
331,60,6,331,815.76,Cash on Delivery,Paid
332,49,45,332,193.02,PayPal,Pending
333,15,26,333,289.03,Credit Card,Pending
334,185,5,334,361.67,Cash on Delivery,Pending
335,183,32,335,1448.1,Bank Transfer,Pending
336,43,28,336,112.47,Bank Transfer,Pending
337,110,38,337,378.14,PayPal,Pending
338,199,26,338,1156.12,PayPal,Failed
339,176,32,339,1158.48,Bank Transfer,Pending
340,13,22,340,1259.85,Bank Transfer,Failed
341,6,10,341,341.96,Cash on Delivery,Failed
342,161,40,342,2485.35,Cash on Delivery,Paid
343,10,8,343,206.68,Cash on Delivery,Failed
344,21,43,344,574.68,Bank Transfer,Paid
345,34,41,345,232.46,Credit Card,Pending
346,85,17,346,215.7,Credit Card,Pending
347,72,28,347,112.47,Credit Card,Paid
348,78,39,348,459.65,Cash on Delivery,Failed
349,77,43,349,143.67,Cash on Delivery,Failed
350,164,36,350,1185.64,Credit Card,Paid
351,20,42,351,890.82,Bank Transfer,Pending
352,147,29,352,130.58,Credit Card,Failed
353,125,11,353,784.08,Cash on Delivery,Pending
354,145,45,354,965.1,Bank Transfer,Paid
355,60,49,355,1336.04,Credit Card,Failed
356,60,16,356,2328.8,Credit Card,Failed
357,191,14,357,120.6,Credit Card,Pending
358,181,13,358,163.14,Bank Transfer,Paid
359,84,28,359,37.49,PayPal,Failed
360,94,34,360,963.45,PayPal,Pending
361,148,26,361,578.06,Cash on Delivery,Paid
362,108,31,362,631.8,Bank Transfer,Paid
363,127,15,363,396.12,Bank Transfer,Failed
364,71,12,364,989.64,PayPal,Failed
365,37,37,365,215.82,Bank Transfer,Failed
366,35,44,366,143.92,Cash on Delivery,Pending
367,179,44,367,71.96,Credit Card,Paid
368,100,17,368,539.25,Bank Transfer,Pending
369,2,5,369,361.67,Bank Transfer,Failed
370,49,32,370,579.24,PayPal,Pending
371,23,14,371,482.4,Bank Transfer,Paid
372,172,36,372,1482.05,Credit Card,Failed
373,136,17,373,431.4,Credit Card,Failed
374,90,39,374,367.72,Bank Transfer,Paid
375,200,40,375,1988.28,Bank Transfer,Pending
376,133,30,376,686.88,PayPal,Paid
377,90,33,377,776.31,Bank Transfer,Pending
378,100,31,378,379.08,Bank Transfer,Failed
379,160,11,379,1176.12,Cash on Delivery,Paid
380,158,3,380,158.66,Cash on Delivery,Paid
381,176,37,381,431.64,Bank Transfer,Failed
382,197,45,382,386.04,Credit Card,Pending
383,152,31,383,126.36,Cash on Delivery,Pending
384,197,44,384,71.96,Cash on Delivery,Pending
385,167,36,385,1185.64,Credit Card,Failed
386,2,5,386,1446.68,Bank Transfer,Failed
387,142,33,387,1035.08,Credit Card,Failed
388,192,25,388,321.7,Cash on Delivery,Paid
389,126,40,389,1988.28,PayPal,Paid
390,14,5,390,1808.35,PayPal,Failed
391,87,13,391,815.7,Cash on Delivery,Paid
392,140,26,392,1156.12,PayPal,Paid
393,111,17,393,323.55,Credit Card,Paid
394,12,43,394,431.01,PayPal,Pending
395,82,7,395,918.3,Credit Card,Failed
396,168,27,396,788.26,PayPal,Pending
397,104,6,397,203.94,Cash on Delivery,Paid
398,180,20,398,1717.68,Credit Card,Failed
399,89,38,399,1512.56,Bank Transfer,Failed
400,119,8,400,413.36,Credit Card,Pending
401,62,33,401,258.77,Cash on Delivery,Pending
402,131,20,402,429.42,Bank Transfer,Failed
403,99,44,403,143.92,Cash on Delivery,Pending
404,168,17,404,431.4,Cash on Delivery,Pending
405,7,17,405,431.4,PayPal,Pending
406,75,35,406,672.7,Bank Transfer,Pending
407,49,38,407,1890.7,PayPal,Paid
408,75,24,408,690.28,Bank Transfer,Paid
409,29,9,409,1114.3,Bank Transfer,Failed
410,79,30,410,515.16,Cash on Delivery,Pending
411,142,21,411,589.5,Credit Card,Pending
412,134,20,412,1717.68,PayPal,Paid
413,139,36,413,296.41,Bank Transfer,Failed
414,115,18,414,100.19,Bank Transfer,Paid
415,2,34,415,642.3,Cash on Delivery,Pending
416,47,50,416,1734.8,PayPal,Failed
417,15,34,417,963.45,Bank Transfer,Failed
418,158,14,418,120.6,Bank Transfer,Paid
419,127,34,419,321.15,Credit Card,Failed
420,157,39,420,367.72,PayPal,Pending
421,77,41,421,464.92,Cash on Delivery,Pending
422,155,2,422,2088.85,PayPal,Failed
423,121,42,423,890.82,Bank Transfer,Pending
424,20,41,424,232.46,Bank Transfer,Pending
425,128,15,425,297.09,Bank Transfer,Failed
426,167,16,426,1397.28,PayPal,Pending
427,139,32,427,1158.48,Credit Card,Pending
428,10,49,428,1002.03,PayPal,Pending
429,60,12,429,742.23,Bank Transfer,Paid
430,97,21,430,471.6,Bank Transfer,Pending
431,166,5,431,361.67,PayPal,Failed
432,90,13,432,815.7,Credit Card,Pending
433,25,1,433,32.19,Credit Card,Pending
434,192,19,434,408.15,Bank Transfer,Paid
435,183,17,435,431.4,Credit Card,Paid
436,63,40,436,1988.28,PayPal,Failed
437,12,6,437,203.94,Bank Transfer,Pending
438,140,47,438,2397.35,PayPal,Failed
439,136,26,439,578.06,Bank Transfer,Paid
440,100,15,440,99.03,PayPal,Failed
441,157,13,441,489.42,Credit Card,Pending
442,16,21,442,353.7,PayPal,Paid
443,51,14,443,361.8,Credit Card,Failed
444,158,26,444,289.03,PayPal,Pending
445,171,11,445,1176.12,Credit Card,Failed
446,180,37,446,863.28,Bank Transfer,Pending
447,73,16,447,2328.8,PayPal,Paid
448,115,40,448,1988.28,PayPal,Failed
449,6,32,449,579.24,PayPal,Failed
450,153,21,450,353.7,PayPal,Pending
451,114,11,451,1176.12,Credit Card,Failed
452,21,7,452,918.3,Cash on Delivery,Pending
453,160,24,453,172.57,PayPal,Pending
454,123,39,454,183.86,Cash on Delivery,Paid
455,194,33,455,1293.85,PayPal,Pending
456,89,4,456,148.1,Cash on Delivery,Paid
457,131,2,457,1253.31,Cash on Delivery,Failed
458,73,3,458,317.32,Credit Card,Paid
459,139,19,459,272.1,Cash on Delivery,Failed
460,45,11,460,1176.12,Cash on Delivery,Failed
461,10,40,461,1988.28,Cash on Delivery,Failed
462,52,37,462,431.64,Credit Card,Failed
463,16,30,463,858.6,Cash on Delivery,Pending
464,175,30,464,686.88,Cash on Delivery,Paid
465,32,39,465,367.72,Credit Card,Pending
466,142,30,466,686.88,PayPal,Paid
467,26,8,467,1033.4,Cash on Delivery,Pending
468,44,35,468,672.7,Bank Transfer,Failed
469,26,19,469,680.25,Cash on Delivery,Pending
470,163,26,470,1156.12,Credit Card,Pending
471,167,25,471,643.4,Bank Transfer,Failed
472,114,21,472,353.7,Bank Transfer,Paid
473,53,25,473,160.85,PayPal,Pending
474,149,46,474,1020.32,PayPal,Pending
475,142,36,475,1185.64,PayPal,Failed
476,151,29,476,391.74,Cash on Delivery,Failed
477,134,21,477,353.7,Bank Transfer,Failed
478,59,4,478,740.5,Credit Card,Pending
479,107,6,479,611.82,Bank Transfer,Pending
480,143,10,480,256.47,Bank Transfer,Paid
481,89,49,481,334.01,Cash on Delivery,Paid
482,139,20,482,858.84,Bank Transfer,Failed
483,24,33,483,1035.08,Cash on Delivery,Pending
484,130,25,484,804.25,Bank Transfer,Failed
485,125,12,485,1237.05,PayPal,Paid
486,50,33,486,776.31,PayPal,Paid
487,171,11,487,1176.12,PayPal,Failed
488,158,26,488,867.09,PayPal,Paid
489,186,25,489,482.55,Credit Card,Pending
490,14,17,490,431.4,PayPal,Pending
491,93,50,491,1301.1,PayPal,Pending
492,39,12,492,1237.05,Credit Card,Failed
493,93,9,493,1114.3,Credit Card,Paid
494,3,47,494,1917.88,Credit Card,Paid
495,188,31,495,631.8,Cash on Delivery,Paid
496,13,13,496,652.56,Bank Transfer,Paid
497,24,11,497,784.08,Credit Card,Failed
498,98,31,498,631.8,Bank Transfer,Failed
499,176,34,499,963.45,Cash on Delivery,Failed
500,166,4,500,444.3,Cash on Delivery,Paid
501,122,48,501,309.1,Cash on Delivery,Failed
502,18,26,502,578.06,Credit Card,Paid
503,74,38,503,378.14,PayPal,Paid
504,60,13,504,326.28,PayPal,Failed
505,105,10,505,85.49,Cash on Delivery,Failed
506,117,11,506,1176.12,Bank Transfer,Failed
507,97,2,507,1253.31,Cash on Delivery,Failed
508,153,36,508,296.41,Bank Transfer,Paid
509,97,22,509,755.91,Bank Transfer,Failed
510,53,13,510,652.56,Cash on Delivery,Pending
511,29,35,511,134.54,Credit Card,Pending
512,191,16,512,465.76,Credit Card,Paid
513,164,14,513,120.6,PayPal,Pending
514,185,32,514,579.24,Credit Card,Paid
515,49,14,515,603.0,Bank Transfer,Failed
516,117,29,516,391.74,PayPal,Paid
517,154,34,517,321.15,PayPal,Paid
518,145,10,518,341.96,Credit Card,Pending
519,29,36,519,296.41,Bank Transfer,Pending
520,116,6,520,407.88,Credit Card,Paid
521,54,13,521,489.42,Cash on Delivery,Failed
522,149,45,522,965.1,PayPal,Paid
523,108,11,523,392.04,PayPal,Pending
524,123,18,524,300.57,Bank Transfer,Failed
525,63,29,525,261.16,PayPal,Paid
526,109,39,526,91.93,Cash on Delivery,Failed
527,185,10,527,170.98,Bank Transfer,Failed
528,93,12,528,989.64,Cash on Delivery,Pending
529,14,32,529,289.62,Bank Transfer,Failed
530,86,29,530,652.9,Cash on Delivery,Failed
531,112,41,531,697.38,Bank Transfer,Paid
532,63,47,532,1438.41,Credit Card,Pending
533,7,41,533,464.92,PayPal,Paid
534,16,17,534,107.85,Credit Card,Pending
535,60,24,535,690.28,Bank Transfer,Failed
536,59,12,536,989.64,PayPal,Paid
537,101,39,537,183.86,PayPal,Pending
538,46,40,538,1988.28,PayPal,Pending
539,114,45,539,193.02,Bank Transfer,Pending
540,61,24,540,862.85,Cash on Delivery,Pending
541,132,32,541,868.86,Bank Transfer,Failed
542,103,19,542,136.05,Bank Transfer,Failed
543,124,25,543,160.85,Credit Card,Paid
544,76,1,544,64.38,Bank Transfer,Failed
545,132,35,545,538.16,Bank Transfer,Paid
546,154,33,546,776.31,PayPal,Pending
547,6,25,547,482.55,Bank Transfer,Failed
548,38,34,548,963.45,PayPal,Pending
549,144,21,549,353.7,Cash on Delivery,Failed
550,151,18,550,400.76,Credit Card,Paid
551,89,32,551,868.86,PayPal,Paid
552,7,15,552,99.03,PayPal,Paid
553,27,16,553,2328.8,PayPal,Paid
554,174,18,554,100.19,Bank Transfer,Pending
555,175,34,555,1605.75,Cash on Delivery,Paid
556,46,28,556,112.47,Credit Card,Paid
557,183,27,557,394.13,Credit Card,Pending
558,25,28,558,74.98,PayPal,Paid
559,105,50,559,433.7,Credit Card,Failed
560,7,39,560,183.86,Cash on Delivery,Paid
561,165,28,561,187.45,Bank Transfer,Failed
562,198,4,562,592.4,Credit Card,Failed
563,40,5,563,361.67,Bank Transfer,Pending
564,127,9,564,445.72,Bank Transfer,Failed
565,101,21,565,589.5,Cash on Delivery,Paid
566,87,44,566,179.9,PayPal,Pending
567,153,19,567,272.1,Credit Card,Pending
568,79,35,568,269.08,PayPal,Paid
569,134,31,569,379.08,PayPal,Failed
570,141,24,570,690.28,Credit Card,Paid
571,32,31,571,505.44,Cash on Delivery,Paid
572,105,35,572,403.62,Credit Card,Pending
573,119,31,573,252.72,Bank Transfer,Failed
574,114,45,574,193.02,Cash on Delivery,Pending
575,185,31,575,379.08,Cash on Delivery,Failed
576,28,27,576,1576.52,Credit Card,Pending
577,120,25,577,321.7,PayPal,Pending
578,112,8,578,826.72,Bank Transfer,Paid
579,21,34,579,963.45,Cash on Delivery,Failed
580,186,30,580,686.88,Credit Card,Failed
581,66,39,581,183.86,Bank Transfer,Failed
582,2,39,582,275.79,Bank Transfer,Paid
583,60,44,583,143.92,Credit Card,Paid
584,6,2,584,1253.31,PayPal,Pending
585,112,11,585,1176.12,Credit Card,Pending
586,183,11,586,392.04,PayPal,Failed
587,171,28,587,149.96,PayPal,Failed
588,163,40,588,1491.21,Bank Transfer,Failed
589,199,32,589,289.62,PayPal,Failed
590,170,31,590,379.08,Bank Transfer,Failed
591,122,17,591,215.7,Credit Card,Pending
592,143,40,592,497.07,Bank Transfer,Pending
593,13,33,593,1035.08,PayPal,Pending
594,2,15,594,99.03,PayPal,Pending
595,20,49,595,1670.05,PayPal,Pending
596,70,22,596,1007.88,Bank Transfer,Failed
597,180,37,597,431.64,Credit Card,Pending
598,99,32,598,289.62,Cash on Delivery,Paid
599,143,11,599,784.08,Bank Transfer,Paid
600,27,6,600,815.76,Cash on Delivery,Failed
601,58,36,601,1482.05,Cash on Delivery,Failed
602,19,2,602,417.77,Credit Card,Failed
603,34,27,603,394.13,Credit Card,Pending
604,168,20,604,1288.26,PayPal,Failed
605,124,5,605,361.67,PayPal,Pending
606,33,20,606,2147.1,Credit Card,Pending
607,65,28,607,112.47,Cash on Delivery,Paid
608,170,12,608,247.41,Bank Transfer,Failed
609,130,10,609,170.98,PayPal,Failed
610,75,44,610,35.98,Bank Transfer,Failed
611,17,48,611,927.3,Credit Card,Paid
612,69,2,612,2088.85,PayPal,Failed
613,180,27,613,394.13,Cash on Delivery,Pending
614,21,14,614,482.4,PayPal,Paid
615,138,31,615,126.36,Cash on Delivery,Failed
616,8,8,616,826.72,PayPal,Failed
617,3,10,617,256.47,Credit Card,Paid
618,60,14,618,482.4,Cash on Delivery,Paid
619,143,23,619,778.44,Cash on Delivery,Paid
620,47,5,620,723.34,PayPal,Pending
621,100,9,621,445.72,PayPal,Failed
622,31,32,622,868.86,Cash on Delivery,Paid
623,129,1,623,128.76,PayPal,Paid
624,187,27,624,1970.65,Cash on Delivery,Failed
625,104,28,625,149.96,Cash on Delivery,Pending
626,135,37,626,1079.1,PayPal,Pending
627,135,35,627,672.7,Credit Card,Paid
628,102,29,628,522.32,Bank Transfer,Paid
629,28,32,629,579.24,Bank Transfer,Paid
630,118,22,630,503.94,Bank Transfer,Failed
631,156,11,631,1176.12,Credit Card,Failed
632,182,12,632,1237.05,PayPal,Pending
633,162,29,633,261.16,Cash on Delivery,Paid
634,120,46,634,255.08,Credit Card,Pending
635,156,11,635,1176.12,PayPal,Paid
636,72,23,636,973.05,Credit Card,Pending
637,44,42,637,1484.7,Cash on Delivery,Failed
638,22,15,638,297.09,Credit Card,Paid
639,113,16,639,931.52,Credit Card,Failed
640,9,25,640,643.4,Bank Transfer,Pending
641,89,12,641,247.41,Credit Card,Pending
642,196,25,642,804.25,Cash on Delivery,Paid
643,10,8,643,206.68,PayPal,Paid
644,164,46,644,255.08,Credit Card,Paid
645,76,12,645,247.41,Credit Card,Failed
646,85,47,646,2397.35,Cash on Delivery,Paid
647,10,19,647,408.15,Credit Card,Pending
648,44,19,648,136.05,PayPal,Pending
649,11,41,649,464.92,Cash on Delivery,Paid
650,6,41,650,232.46,Credit Card,Failed
651,83,31,651,631.8,Credit Card,Pending
652,38,6,652,815.76,PayPal,Pending
653,109,32,653,1158.48,Bank Transfer,Pending
654,161,39,654,367.72,Credit Card,Paid
655,65,16,655,1863.04,Cash on Delivery,Pending
656,123,29,656,130.58,Credit Card,Failed
657,144,15,657,99.03,Credit Card,Failed
658,119,27,658,1576.52,Bank Transfer,Paid
659,42,18,659,100.19,Cash on Delivery,Pending
660,118,44,660,143.92,Bank Transfer,Pending
661,87,13,661,489.42,Credit Card,Failed
662,155,26,662,867.09,Credit Card,Paid
663,157,7,663,918.3,Credit Card,Pending
664,3,40,664,2485.35,Bank Transfer,Paid
665,169,24,665,345.14,Cash on Delivery,Paid
666,32,37,666,431.64,Cash on Delivery,Pending
667,80,6,667,407.88,Bank Transfer,Paid
668,2,23,668,389.22,PayPal,Pending
669,119,5,669,1085.01,Cash on Delivery,Pending
670,75,46,670,255.08,Cash on Delivery,Pending
671,182,4,671,740.5,PayPal,Pending
672,68,25,672,321.7,Cash on Delivery,Pending
673,41,31,673,252.72,PayPal,Paid
674,80,34,674,1605.75,PayPal,Failed
675,28,28,675,149.96,PayPal,Paid
676,67,28,676,149.96,Bank Transfer,Failed
677,3,25,677,643.4,Cash on Delivery,Paid
678,82,17,678,215.7,Bank Transfer,Paid
679,113,9,679,668.58,Cash on Delivery,Failed
680,36,2,680,1671.08,Bank Transfer,Failed
681,44,2,681,835.54,Bank Transfer,Pending
682,46,41,682,929.84,Credit Card,Pending
683,195,32,683,579.24,Bank Transfer,Failed
684,140,33,684,258.77,Bank Transfer,Paid
685,164,6,685,815.76,Cash on Delivery,Pending
686,131,24,686,862.85,PayPal,Pending
687,189,10,687,427.45,Cash on Delivery,Paid
688,34,44,688,179.9,Credit Card,Failed
689,153,12,689,742.23,Cash on Delivery,Failed
690,157,48,690,309.1,Credit Card,Pending
691,97,23,691,389.22,PayPal,Pending
692,147,17,692,107.85,PayPal,Paid
693,128,21,693,471.6,Credit Card,Paid
694,6,34,694,642.3,Credit Card,Paid
695,115,6,695,203.94,Bank Transfer,Pending
696,132,3,696,634.64,PayPal,Paid
697,159,42,697,890.82,PayPal,Pending
698,196,33,698,1035.08,Credit Card,Failed
699,127,34,699,642.3,Cash on Delivery,Paid
700,106,40,700,994.14,PayPal,Pending
701,38,5,701,723.34,Cash on Delivery,Failed
702,38,39,702,367.72,Credit Card,Paid
703,80,13,703,815.7,PayPal,Pending
704,158,24,704,690.28,Credit Card,Failed
705,44,49,705,668.02,Cash on Delivery,Pending
706,61,9,706,668.58,Credit Card,Failed
707,47,19,707,136.05,PayPal,Failed
708,2,36,708,889.23,PayPal,Failed
709,199,23,709,583.83,Cash on Delivery,Pending
710,117,40,710,497.07,Bank Transfer,Pending
711,99,20,711,858.84,Bank Transfer,Pending
712,147,19,712,272.1,Bank Transfer,Failed
713,27,49,713,1336.04,Bank Transfer,Paid
714,96,9,714,891.44,PayPal,Failed
715,60,28,715,187.45,PayPal,Failed
716,33,12,716,1237.05,PayPal,Failed
717,163,33,717,1293.85,Cash on Delivery,Failed
718,198,38,718,1890.7,Cash on Delivery,Pending
719,176,29,719,130.58,Bank Transfer,Pending
720,59,21,720,589.5,Bank Transfer,Failed
721,6,23,721,583.83,Credit Card,Failed
722,6,47,722,1917.88,PayPal,Pending
723,120,2,723,1671.08,Credit Card,Pending
724,11,13,724,652.56,Bank Transfer,Failed
725,17,38,725,1512.56,Credit Card,Pending
726,40,17,726,539.25,Credit Card,Pending
727,16,25,727,804.25,Cash on Delivery,Failed
728,174,4,728,148.1,Cash on Delivery,Pending
729,140,44,729,35.98,PayPal,Paid
730,40,44,730,143.92,Cash on Delivery,Failed
731,103,25,731,160.85,PayPal,Failed
732,176,27,732,1576.52,Credit Card,Failed
733,77,3,733,634.64,Cash on Delivery,Pending
734,17,44,734,179.9,Cash on Delivery,Pending
735,11,31,735,379.08,Bank Transfer,Paid
736,88,47,736,2397.35,Bank Transfer,Failed
737,49,47,737,479.47,PayPal,Pending
738,89,32,738,1158.48,Credit Card,Paid
739,197,50,739,1301.1,PayPal,Paid
740,6,1,740,128.76,Credit Card,Paid
741,132,9,741,222.86,Cash on Delivery,Paid
742,56,24,742,690.28,Credit Card,Failed
743,83,24,743,690.28,Bank Transfer,Failed
744,6,16,744,2328.8,Credit Card,Pending
745,127,2,745,2088.85,Cash on Delivery,Paid
746,97,26,746,1445.15,PayPal,Paid
747,82,42,747,890.82,Bank Transfer,Paid
748,129,49,748,334.01,Cash on Delivery,Failed
749,47,24,749,862.85,Cash on Delivery,Paid
750,7,8,750,206.68,Credit Card,Pending
751,107,22,751,755.91,Cash on Delivery,Pending
752,24,41,752,464.92,Cash on Delivery,Pending
753,106,7,753,612.2,Credit Card,Pending
754,38,7,754,1530.5,PayPal,Pending
755,175,6,755,815.76,Credit Card,Failed
756,98,6,756,203.94,Credit Card,Failed
757,193,11,757,1960.2,Bank Transfer,Paid
758,47,40,758,2485.35,PayPal,Failed
759,187,11,759,392.04,Bank Transfer,Pending
760,94,12,760,1237.05,PayPal,Failed
761,103,17,761,431.4,PayPal,Pending
762,17,1,762,128.76,PayPal,Failed
763,29,49,763,334.01,PayPal,Pending
764,111,44,764,179.9,Credit Card,Paid
765,112,26,765,289.03,PayPal,Failed
766,48,44,766,143.92,Bank Transfer,Pending
767,199,46,767,510.16,Cash on Delivery,Failed
768,41,16,768,465.76,Credit Card,Paid
769,136,7,769,1224.4,Credit Card,Paid
770,4,28,770,187.45,Cash on Delivery,Pending
771,122,5,771,1808.35,Bank Transfer,Failed
772,190,25,772,482.55,Credit Card,Failed
773,92,3,773,793.3,PayPal,Failed
774,137,42,774,1484.7,Bank Transfer,Pending
775,62,41,775,929.84,Bank Transfer,Pending
776,200,12,776,989.64,PayPal,Pending
777,82,11,777,784.08,Credit Card,Pending
778,119,30,778,858.6,Cash on Delivery,Failed
779,117,15,779,396.12,Cash on Delivery,Pending
780,145,15,780,297.09,Bank Transfer,Pending
781,68,14,781,241.2,Credit Card,Pending
782,170,25,782,804.25,Credit Card,Pending
783,2,21,783,353.7,Cash on Delivery,Paid
784,136,28,784,149.96,PayPal,Paid
785,95,50,785,867.4,Bank Transfer,Pending
786,144,48,786,1236.4,PayPal,Failed
787,199,26,787,1445.15,Credit Card,Paid
788,105,43,788,431.01,Credit Card,Pending
789,162,37,789,1079.1,Credit Card,Paid
790,160,25,790,321.7,Credit Card,Failed
791,33,23,791,194.61,Cash on Delivery,Pending
792,170,28,792,74.98,Bank Transfer,Pending
793,128,11,793,784.08,Cash on Delivery,Failed
794,36,30,794,686.88,Cash on Delivery,Pending
795,123,28,795,37.49,Bank Transfer,Pending
796,199,31,796,505.44,Credit Card,Paid
797,99,6,797,203.94,Bank Transfer,Failed
798,40,10,798,256.47,PayPal,Pending
799,20,25,799,321.7,Credit Card,Pending
800,151,34,800,642.3,PayPal,Failed
801,189,43,801,574.68,Credit Card,Paid
802,125,40,802,994.14,Bank Transfer,Paid
803,70,29,803,391.74,Credit Card,Failed
804,20,36,804,1482.05,PayPal,Paid
805,126,43,805,574.68,PayPal,Paid
806,6,38,806,756.28,Credit Card,Paid
807,98,41,807,929.84,Cash on Delivery,Failed
808,154,19,808,408.15,Credit Card,Paid
809,39,49,809,668.02,PayPal,Failed
810,111,34,810,1284.6,Bank Transfer,Failed
811,67,29,811,130.58,Cash on Delivery,Failed
812,55,38,812,1134.42,Bank Transfer,Pending
813,10,35,813,403.62,Credit Card,Paid
814,88,47,814,479.47,Bank Transfer,Pending
815,142,4,815,444.3,Bank Transfer,Failed
816,121,10,816,256.47,Credit Card,Paid
817,36,2,817,835.54,PayPal,Pending
818,195,24,818,517.71,Cash on Delivery,Pending
819,54,17,819,431.4,Cash on Delivery,Pending
820,129,30,820,515.16,PayPal,Paid
821,10,17,821,215.7,PayPal,Paid
822,16,42,822,1484.7,Bank Transfer,Failed
823,175,4,823,592.4,Bank Transfer,Pending
824,141,28,824,112.47,Credit Card,Pending
825,14,6,825,203.94,Credit Card,Failed
826,158,15,826,198.06,Credit Card,Pending
827,52,11,827,392.04,PayPal,Failed
828,95,11,828,1568.16,Bank Transfer,Pending
829,62,47,829,2397.35,Bank Transfer,Failed
830,192,39,830,91.93,Cash on Delivery,Paid
831,86,26,831,867.09,Credit Card,Failed
832,153,6,832,815.76,Bank Transfer,Pending
833,21,5,833,1085.01,Credit Card,Paid
834,147,44,834,179.9,Credit Card,Failed
835,36,49,835,668.02,PayPal,Paid
836,178,24,836,517.71,Cash on Delivery,Paid
837,155,25,837,804.25,Credit Card,Pending
838,137,5,838,361.67,PayPal,Failed
839,100,16,839,465.76,Credit Card,Paid
840,78,7,840,1224.4,Cash on Delivery,Paid
841,61,23,841,778.44,Bank Transfer,Failed
842,122,22,842,1007.88,PayPal,Pending
843,197,31,843,631.8,Bank Transfer,Pending
844,33,21,844,471.6,PayPal,Pending
845,139,37,845,647.46,PayPal,Failed
846,182,22,846,251.97,Credit Card,Pending
847,87,44,847,107.94,Cash on Delivery,Paid
848,3,49,848,1002.03,PayPal,Pending
849,191,20,849,858.84,Cash on Delivery,Pending
850,127,15,850,297.09,PayPal,Failed
851,55,34,851,963.45,Bank Transfer,Paid
852,50,42,852,593.88,Credit Card,Failed
853,43,6,853,1019.7,Credit Card,Failed
854,48,19,854,680.25,Cash on Delivery,Failed
855,171,20,855,1717.68,Cash on Delivery,Paid
856,177,26,856,1156.12,PayPal,Failed
857,154,11,857,1960.2,Cash on Delivery,Pending
858,91,43,858,287.34,Bank Transfer,Paid
859,112,23,859,973.05,Cash on Delivery,Failed
860,4,1,860,96.57,Credit Card,Pending
861,158,11,861,784.08,Bank Transfer,Paid
862,140,17,862,215.7,Credit Card,Failed
863,149,15,863,99.03,PayPal,Paid
864,104,41,864,464.92,Bank Transfer,Failed
865,103,9,865,1114.3,Credit Card,Pending
866,104,10,866,427.45,Cash on Delivery,Paid
867,188,46,867,1020.32,Bank Transfer,Pending
868,103,8,868,1033.4,Credit Card,Failed
869,174,41,869,697.38,Bank Transfer,Paid
870,157,43,870,431.01,Credit Card,Paid
871,90,50,871,1301.1,Credit Card,Failed
872,73,19,872,272.1,Bank Transfer,Pending
873,43,38,873,378.14,Credit Card,Failed
874,76,50,874,2168.5,Cash on Delivery,Pending
875,36,3,875,634.64,Bank Transfer,Paid
876,182,3,876,475.98,Cash on Delivery,Paid
877,198,2,877,2088.85,PayPal,Paid
878,139,13,878,489.42,PayPal,Failed
879,76,33,879,776.31,Cash on Delivery,Paid
880,176,29,880,130.58,PayPal,Pending
881,62,39,881,367.72,Bank Transfer,Paid
882,138,9,882,668.58,Credit Card,Paid
883,97,13,883,652.56,Cash on Delivery,Paid
884,28,39,884,183.86,Cash on Delivery,Paid
885,50,9,885,668.58,Bank Transfer,Paid
886,10,24,886,345.14,Bank Transfer,Failed
887,165,9,887,891.44,Bank Transfer,Pending
888,11,1,888,128.76,Credit Card,Paid
889,120,18,889,300.57,PayPal,Paid
890,166,13,890,326.28,Bank Transfer,Pending
891,142,50,891,1734.8,Bank Transfer,Failed
892,193,47,892,2397.35,PayPal,Paid
893,65,42,893,890.82,Credit Card,Failed
894,176,48,894,1236.4,PayPal,Failed
895,19,16,895,1863.04,Credit Card,Failed
896,69,8,896,826.72,Cash on Delivery,Failed
897,45,8,897,206.68,Bank Transfer,Failed
898,88,22,898,755.91,PayPal,Paid
899,30,41,899,697.38,PayPal,Paid
900,13,19,900,544.2,Credit Card,Paid
901,76,13,901,326.28,Credit Card,Paid
902,19,26,902,289.03,Cash on Delivery,Pending
903,73,10,903,170.98,Cash on Delivery,Failed
904,1,24,904,862.85,Cash on Delivery,Failed
905,194,13,905,815.7,Bank Transfer,Failed
906,159,12,906,1237.05,Cash on Delivery,Paid
907,22,40,907,1988.28,Bank Transfer,Pending
908,174,28,908,37.49,Bank Transfer,Paid
909,72,44,909,107.94,Bank Transfer,Pending
910,177,15,910,495.15,Bank Transfer,Paid
911,130,43,911,143.67,Credit Card,Pending
912,4,39,912,367.72,Credit Card,Pending
913,188,3,913,793.3,Cash on Delivery,Paid
914,7,23,914,194.61,PayPal,Failed
915,13,38,915,378.14,PayPal,Failed
916,195,50,916,1301.1,Cash on Delivery,Failed
917,27,20,917,1288.26,PayPal,Paid
918,163,27,918,1182.39,PayPal,Pending
919,13,40,919,497.07,Cash on Delivery,Paid
920,73,38,920,1512.56,Credit Card,Pending
921,70,37,921,431.64,PayPal,Pending
922,43,17,922,539.25,Bank Transfer,Paid
923,179,10,923,170.98,PayPal,Failed
924,89,45,924,386.04,Bank Transfer,Failed
925,126,45,925,386.04,Credit Card,Failed
926,98,33,926,1035.08,PayPal,Failed
927,162,34,927,1284.6,Cash on Delivery,Failed
928,21,32,928,868.86,Credit Card,Paid
929,146,46,929,1020.32,Credit Card,Failed
930,61,10,930,427.45,Credit Card,Paid
931,134,8,931,413.36,PayPal,Failed
932,167,13,932,326.28,Credit Card,Pending
933,48,22,933,1007.88,Credit Card,Failed
934,6,14,934,361.8,Credit Card,Paid
935,69,43,935,574.68,PayPal,Failed
936,152,36,936,296.41,Cash on Delivery,Failed
937,158,37,937,863.28,Cash on Delivery,Failed
938,136,23,938,583.83,PayPal,Paid
939,93,35,939,134.54,Cash on Delivery,Failed
940,138,34,940,642.3,Bank Transfer,Pending
941,128,31,941,379.08,Bank Transfer,Pending
942,172,8,942,620.04,PayPal,Failed
943,133,40,943,994.14,Credit Card,Paid
944,101,3,944,793.3,Bank Transfer,Failed
945,51,28,945,37.49,Cash on Delivery,Paid
946,26,20,946,429.42,Cash on Delivery,Pending
947,23,40,947,1491.21,Cash on Delivery,Paid
948,165,28,948,187.45,Cash on Delivery,Pending
949,133,30,949,515.16,Credit Card,Failed
950,110,29,950,652.9,Cash on Delivery,Failed
951,94,25,951,321.7,Credit Card,Failed
952,145,12,952,1237.05,PayPal,Paid
953,4,8,953,826.72,PayPal,Failed
954,2,25,954,321.7,Credit Card,Failed
955,34,42,955,1187.76,PayPal,Pending
956,182,37,956,863.28,Cash on Delivery,Pending
957,167,41,957,929.84,Cash on Delivery,Paid
958,37,10,958,427.45,Cash on Delivery,Failed
959,110,14,959,482.4,PayPal,Paid
960,186,46,960,1275.4,Bank Transfer,Pending
961,96,22,961,1259.85,Cash on Delivery,Pending
962,128,37,962,647.46,Credit Card,Failed
963,97,33,963,1035.08,Credit Card,Pending
964,179,30,964,858.6,Credit Card,Failed
965,98,3,965,317.32,Cash on Delivery,Failed
966,8,14,966,482.4,Cash on Delivery,Failed
967,127,8,967,206.68,PayPal,Failed
968,67,45,968,965.1,Cash on Delivery,Failed
969,128,38,969,1512.56,PayPal,Failed
970,145,7,970,918.3,Cash on Delivery,Failed
971,183,4,971,740.5,PayPal,Paid
972,28,47,972,958.94,Credit Card,Pending
973,98,49,973,1670.05,Cash on Delivery,Paid
974,22,20,974,429.42,PayPal,Paid
975,136,7,975,612.2,Bank Transfer,Pending
976,124,16,976,2328.8,Cash on Delivery,Failed
977,162,46,977,765.24,PayPal,Paid
978,102,19,978,136.05,Credit Card,Paid
979,15,49,979,1336.04,PayPal,Paid
980,148,49,980,1336.04,Cash on Delivery,Failed
981,74,28,981,37.49,Bank Transfer,Failed
982,157,17,982,323.55,PayPal,Paid
983,55,40,983,1988.28,Bank Transfer,Failed
984,140,28,984,187.45,PayPal,Paid
985,183,14,985,361.8,Credit Card,Failed
986,133,13,986,815.7,Bank Transfer,Paid
987,51,16,987,1863.04,Credit Card,Failed
988,189,32,988,1158.48,PayPal,Pending
989,94,20,989,429.42,PayPal,Paid
990,69,35,990,269.08,Bank Transfer,Pending
991,95,24,991,517.71,Credit Card,Paid
992,4,3,992,158.66,Cash on Delivery,Paid
993,48,3,993,634.64,Cash on Delivery,Pending
994,178,50,994,433.7,Bank Transfer,Paid
995,111,9,995,445.72,Credit Card,Failed
996,26,21,996,471.6,PayPal,Paid
997,142,1,997,128.76,PayPal,Failed
998,153,19,998,680.25,PayPal,Pending
999,68,38,999,378.14,PayPal,Paid
1000,157,40,1000,1491.21,Cash on Delivery,Failed
